lemma,lang,cefr,cefr_source,corpus_freq,freq_per_1000,film_count,ex_1_film,ex_1_year,ex_1_sentence,ex_2_film,ex_2_year,ex_2_sentence,colloc_1,colloc_2,colloc_3,chunk_1,chunk_2,chunk_3,chunk_4,chunk_5
perfekt,de,B1,GermanFluent,104,1.85,15,The Shawshank Redemption,1994,Besetzung ist nahe zu perfekt ausgewählt.,The Green Mile,1999,Die Schauspieler haben ihre Rollen perfekt gespielt.,rolle,film,szene,perfekte mischung,perfekte mischung aus,perfekter film,,
genial,de,B2,GermanFluent,91,1.62,13,The Shawshank Redemption,1994,"Manchmal bedarf es einfach nicht vieler Worte: dies ist mit absoluter Sicherheit einer der besten Filme aller Zeiten, ein genial gespieltes und Inszeniertes Drama voller Anspruch, Emotionen – und seltsamerweise hohem Unterhaltungswert.",The Green Mile,1999,Die Schauspieler harmonieren wunderbar und die Story ist genial.,film,geschichte,bild,geniale dialoge,genialen soundtrack,,,
meisterwerk,de,C1,GermanFluent,90,1.6,15,The Shawshank Redemption,1994,"Alles in allem ist ""Die Verurteilten"" ein wahres Meisterwerk des Gefängisdramas und ist für alle Filmfans nur wärmstens zu empfehlen.",The Green Mile,1999,"""The Green Mile"" ist ein meisterwerk!!! kein film hat mich je so emotional berührt wie dieser. echt top und jeden zu empfehlen!",absolut,wahr,zeitlos,absolutes meisterwerk,wahres meisterwerk,zeitloses meisterwerk,,
fazit,de,B2,GermanFluent,67,1.19,15,The Shawshank Redemption,1994,"Fazit: Mitreißendes Gefängnisdrama voller Härte, Emotionen und Menschlichkeit sowie einem tollen und gewitzten Ende!",The Green Mile,1999,"Fazit: Sensibles, toll gespieltes und ruhiges Märchen für Männer, bei dem trotz der 3 Stunden Länge die Zeit wie im Fluge vergeht – nur sollten Zartbesaitete bei den Exekutionen lieber wegschauen.",einzig,,,,,,,
darsteller,de,C1,GermanFluent,53,0.94,13,The Shawshank Redemption,1994,"Aber auch die anderen Darsteller, wie z.",Fight Club,1999,Ansonsten sind die Darsteller absolut herausragend und der Soundtrack ebenso. ''Fight Club'' ist ein Film den mann sich 20 Mal angucken kann ohne sich zu langweilen.,stark,hervorragend,sympathisch,starken darstellern,,,,
spannung,de,B2,GermanFluent,53,0.94,11,The Green Mile,1999,"Nun die positiven Aspekte: Dramaturgisch, sowie der Spannungsbogen bewegt sich durchgehend auf einem konstant hohen Level, was den Film sehr sehenswert macht.",Fight Club,1999,"Die Spannung steigt bis Ende und nimmt dann nochmal eine unerwartete Wendung,ein klasse Film!",intensiv,gesund,klaustrophobisch,,,,,
handlung,de,C1,GermanFluent,50,0.89,14,The Shawshank Redemption,1994,"Die Story selbst klingt zwar nicht ganz so neu und originell, wird von Darabont aber wunderbar erzählt und baut die Handlung Stück für Stück geschickt auf.",The Green Mile,1999,"Ein Film der vielleicht nicht die aller besten Bilder hat jedoch eine sehr bewegende, mitreißende und emotionale Handlung.",verständlich,emotional,stringent,,,,,
gefühl,de,B1,GermanFluent,41,0.73,8,The Shawshank Redemption,1994,"Das ein dramatisches Ende kaum funktioniert hätte, ist wohl abzusehen, da man sich am Ende einfach ein glückliches Gefühl beim Abrollen der Credits wünscht.",The Green Mile,1999,"Definitiv sollte man den Film nicht schauen, wenn man eher was leichtes und erheiterndes aufgrund der eigenen Gefühlsituation benötigt.",glücklich,beeindruckend,merkwürdig,,,,,
gelungen,de,B2,wordfreq,39,0.7,6,The Shawshank Redemption,1994,Der Score zu alle dem ist passend und gelungen.,The Green Mile,1999,"Umso bemerkenswerter finde ich es, wie hervorragend das ausgerechnet beim spoiler: 'The Green Mile' gelungen ist.",maschine,meisterwerk,filmgeschichte,,,,,
drehbuch,de,B2,GermanFluent,37,0.66,13,The Green Mile,1999,"Die Schauspieler, die Dialoge, das Drehbuch, die Effekte, die Musik - hier passt einfach fast alles.",Fight Club,1999,"Viel mehr sollte man nicht wissen, denn der Film besitzt ein grandioses Drehbuch.",grandios,spitz,originell,,,,,
hervorragend,de,B2,GermanFluent,34,0.61,13,The Shawshank Redemption,1994,Tim Robbins verkörpert dabei Andy Dufresne wirklich hervorragend und liefert die wohl beste Leistung seiner Karriere ab.,The Green Mile,1999,"Umso bemerkenswerter finde ich es, wie hervorragend das ausgerechnet beim spoiler: 'The Green Mile' gelungen ist.",sache,,,,,,,
atmosphäre,de,B2,GermanFluent,32,0.57,10,The Shawshank Redemption,1994,"Tolle Darsteller, eine klasse Atmosphäre und eine wunderbar erzählte Geschichte lassen diesen Film zu einem ganz besonderen Erlebnis werden!!",Fight Club,1999,"Zur coolen und spannenden Atmosphäre, trägt auch die Musik bei.",düster,schaurig,toll,düstere atmosphäre,,,,
hauptdarsteller,de,C1,GermanFluent,31,0.55,10,Fight Club,1999,"Brad Pitt ist das Alter Ego hier, er ist das was der Hauptdarsteller sein will oder sein wollte!",Interstellar,2014,"So stark , dass ich ihm eine weitere Oscarnominierung zutraue, wobei das auch von der Konkurrenzsituation abhängt, und die Kategorie des besten Hauptdarstellers ist immer hart umkämpft.",genial,herrausragend,cool,,,,,
düster,de,B2,GermanFluent,26,0.46,9,The Shawshank Redemption,1994,"Die Atmosphäre ist teilweise ziemlich düster, insgesamt aber doch recht hoffnungsvoll.",Fight Club,1999,Alles sehr atmosphärisch und düster gemacht!,,,,düstere atmosphäre,,,,
leinwand,de,C1,GermanFluent,22,0.39,11,The Shawshank Redemption,1994,"Einfach Wahnsinn, wie er die innere Verzweiflung unschuldig im Gefängnis zu sitzen, die Qualen der Vergewaltigung der Mithäftlinge, aber auch die Hoffnung auf ein neues Leben nach dem Knast auf die Leinwand bringt.",Interstellar,2014,Was für ein Epos auf Leinwand!,,,,,,,,
tiefe,de,B2,GermanFluent,21,0.37,7,The Shawshank Redemption,1994,"Tim Robbins und Morgan Freeman sind ein Glücksfall für das Knastdrama, transportieren beide mit spielerischer Leichtigkeit emotionale Ausnahmesituationen zum Zuschauer und verleihen dem Opus um eine tiefe Freundschaft die notwendige Authenzität.",Fight Club,1999,Es geht viel tiefer in die Psyche als man vom Titel her denken kann.,wirklich,psychologisch,enorm,,,,,
visuell,de,C1,wordfreq,21,0.37,7,Fight Club,1999,"Visuell ist ""Fight Club"" ein glattes Meisterwerk, die Kameraarbeit fügt sich toll in dieses Gesamtbild ein und der hypnotische Soundtrack der Dust Brothers passt einfach perfekt.",Interstellar,2014,"Gravity, der vor allem visuell beeindruckend war – von der Story her etwas zu wenig - , wird hier deutlich in den Schatten gestellt.",unglaublich,wirklich,,visuellen effekte,,,,
regie,de,C1,GermanFluent,20,0.36,8,The Shawshank Redemption,1994,"Die Regie ist spitze, die Schauspieler spielen einfach nur grandios und die Musik passt immer gut zum Geschehen.",The Green Mile,1999,"Große Emotionen, gute Schauspieler und sehr gute Regie.",meisterhaft,beste,,beste regie,,,,
сюжет,ru,B2,Kelly,483,2.65,15,The Shawshank Redemption,1994,"О каждом персонаже, хоть сколько-то значимом для сюжета, к концу просмотра можно однозначно сказать, хороший он или плохой.",The Green Mile,1999,И фильм оживил этот сюжет.,развитие,основный,интересный,сюжет фильма,сюжетная линия,сюжетные повороты,центре сюжета,сюжетные линии
смысл,ru,B2,Kelly,235,1.29,15,The Shawshank Redemption,1994,"Но её амбиции ограничены: она не изобретает ничего принципиально нового в смысле кинематографии, не предлагает исключительного сюжета и не пытается бросить зрителю интеллектуальный вызов.",The Green Mile,1999,"Каждый просмотр открывает новые грани, новые оттенки смыслов.",хороший,глубокий,здравый,смысл жизни,смысле жизни,здравый смысл,хорошем смысле,смысловой нагрузки
драма,ru,B2,Kelly,177,0.97,15,The Shawshank Redemption,1994,Это редкое качество для любого фильма и абсолютно уникальное для двухчасовой тюремной драмы.,The Green Mile,1999,Сорокалетний мужик над тюремной драмой с элементами мистики — звучит странно.,криминальный,тюремный,семейный,семейная драма,,,,
атмосфера,ru,B1,Kelly,166,0.91,15,The Shawshank Redemption,1994,Музыкальное сопровождение Томаса Ньюмана тонко подчёркивает атмосферу фильма.,The Green Mile,1999,"Он сохранил не только сюжет, но и обстановку, настроение, внутреннюю атмосферу.",мрачный,гнетущий,правильный,атмосферу фильма,мрачная атмосфера,атмосфера фильма,,
идея,ru,B1,Kelly,163,0.89,15,The Shawshank Redemption,1994,"Идея, скорее, в том, что даже человек, совершивший такой чудовищный поступок как убийство всё ещё может оставаться человеком.",Fight Club,1999,"Как 1999-й изменил всё» схематично расписывает рождение идеи от самых истоков до прокатной судьбы, затрагивая и эпохальный контекст, отчасти связанный с зародившимся в те годы так называемым «мужским движением».",главный,научный,внедрение,научные идеи,идеи фильма,,,
кадр,ru,B1,Kelly,158,0.87,15,The Shawshank Redemption,1994,"Визуально фильм кажется аскетичным, но Роджер Дикинс даже серую тюремную робу умудряется вписать в кадр так, что она не вызывает отторжения.",The Green Mile,1999,Каждый кадр со смыслом.,первый,красивый,последний,первых кадров,первого кадра,последний кадр,,
сценарий,ru,C1,Kelly,143,0.78,15,The Shawshank Redemption,1994,"Сценарий работает не просто как линейное повествование, а как сложный механизм, состоящий из множества чеховских ружей.",The Green Mile,1999,Оно просто обслуживает сценарий.,хороший,адаптированный,готовый,лучший сценарий,сценарий фильма,,,
реальность,ru,B2,Kelly,119,0.65,15,The Shawshank Redemption,1994,"Попробуйте прикинуть вероятность того, что в реальности события при тех же вводных и тех же планах героев сложились бы именно так.",The Green Mile,1999,"И чем дальше он движется, тем более тонка становится грань между реальностью и мистикой.",настоящий,ощущение,альтернативный,грань между реальностью,реальности -,,,
человеческий,ru,B1,Kelly,118,0.65,15,The Shawshank Redemption,1994,"Вердикт таков: 'Побег из Шоушенка' стал культовым фильмом, который навсегда останется в истории кино как шедевр о дружбе, надежде и непреодолимой силе человеческого духа.",The Green Mile,1999,Кинг иногда пишет про сверхъестественное как про метафору человеческого. «Зелёная миля» — один из лучших примеров.,природа,исследование,палитра,человеческой натуры,человеческой природы,человеческого духа,человеческой жизни,человеческих эмоций
роман,ru,B2,Kelly,117,0.64,10,The Shawshank Redemption,1994,"Киноленте весьма оригинальная, поскольку имеет совершенно магическое свойство: она притягивает, заставляет окунуться в мир необычайных приключений, и, как ни странно это звучит, - романтики.",The Green Mile,1999,"Я читала роман Стивена Кинга и смотрела фильм раньше, поэтому для меня здесь практически невозможно отделить одно от другого.",одноимённый,экранизация,автор,романе кормака,одноименному роману,мотивам романа,романа паланика,романа чака паланика
финал,ru,B1,Kelly,116,0.64,15,The Shawshank Redemption,1994,"Первую половину хронометража вы просто фиксируете — или пропускаете мимо глаз — одну деталь за другой, а в финале они срабатывают как части единой схемы.",The Green Mile,1999,"Чтобы финал работал так, как он работает.",впечатляющий,мощный,эпичный,финальная сцена,финальных титров,финал картины,после финальных титров,финальную сцену
шедевр,ru,B2,Kelly,114,0.63,15,The Shawshank Redemption,1994,"Вердикт таков: 'Побег из Шоушенка' стал культовым фильмом, который навсегда останется в истории кино как шедевр о дружбе, надежде и непреодолимой силе человеческого духа.",The Green Mile,1999,"«Зеленая миля» — это тот редкий фильм, который я не могу заставить себя пересматривать часто, хотя считаю его шедевром.",безусловный,кинематографический,очередной,шедевр кинематографа,- шедевр,безусловный шедевр,,
визуальный,ru,B2,Kelly,114,0.63,13,The Shawshank Redemption,1994,"Визуально фильм кажется аскетичным, но Роджер Дикинс даже серую тюремную робу умудряется вписать в кадр так, что она не вызывает отторжения.",The Green Mile,1999,"Фильм будто аккуратно берёт роман за руку и переводит его на другой язык — визуальный язык лиц и коридоров, музыкальный для пауз, язык взглядов, пойманных операторами, и атмосферный для тяжёлого воздуха перед тем, что уже нельзя отменить.",излишний,странный,величие,визуальные эффекты,визуальный стиль,визуальный ряд,визуально фильм,визуальный язык
итог,ru,B2,Kelly,111,0.61,15,The Shawshank Redemption,1994,Однако в итоге фильм транслирует простую истину – власть не всегда на шаг впереди.,The Green Mile,1999,"В итоге «Зелёная миля» для меня — пример фильма, который выглядит большим и важным, но внутри оказывается куда более пустым, чем принято считать.",конечный,многозначительный,главный,,,,,
кинематограф,ru,C1,Kelly,110,0.6,15,The Shawshank Redemption,1994,"Но её амбиции ограничены: она не изобретает ничего принципиально нового в смысле кинематографии, не предлагает исключительного сюжета и не пытается бросить зрителю интеллектуальный вызов.",The Green Mile,1999,"Финальная сцена казни до сих пор кажется мне одной из самых тяжелых в истории кинематографа, не из-за жестокости, а из-за бессилия героев что-то изменить.",история,шедевр,мировой,истории кинематографа,шедевр кинематографа,кинематографическое произведение,мирового кинематографа,историю кинематографа
состав,ru,B2,Kelly,108,0.59,14,The Shawshank Redemption,1994,"Неразлучная парочка 'рабство-свобода' привлекала людей тысячелетиями, разве что 'любовь-смерть' могла составить им достойную конкуренцию.",The Green Mile,1999,"Актёрский состав подобран с такой бережностью, что герои не выглядят случайными исполнителями.",актёрский,визуальный,детективный,актерский состав,актёрский состав,визуальная составляющая,детективная составляющая,визуальную составляющую
повествование,ru,B2,Kelly,106,0.58,15,The Shawshank Redemption,1994,"Сценарий работает не просто как линейное повествование, а как сложный механизм, состоящий из множества чеховских ружей.",The Green Mile,1999,Темп повествования только усиливает проблему.,часть,нелинейный,структура,,,,,
жанр,ru,B2,Kelly,102,0.56,14,The Shawshank Redemption,1994,"Это крепкая, созданная по проверенным жанровым лекалам драма, которая доставляет удовольствие и работает на максимально широкую аудиторию.",The Green Mile,1999,"Есть истории, которым тесно в одном жанре.",разный,фильм,представитель,разных жанров,,,,
произведение,ru,B1,Kelly,100,0.55,15,The Shawshank Redemption,1994,"Мы привыкли считать Стивена Кинга непревзойдённым мастером мистического жанра, в то время как у короля ужасов есть также и хорошие драматические произведения.",The Green Mile,1999,"Конечно это всего лишь художественное произведение, а не психологическое исследование.",художественный,кинематографический,великий,произведение искусства,кинематографическое произведение,,,
судьба,ru,B1,Kelly,97,0.53,14,The Shawshank Redemption,1994,"Впрочем, при своей простоте фильм задаёт серьёзные вопросы: в безвыходной ситуации стоит сохранять надежду или безопаснее смириться с судьбой ради сохранения рассудка?",The Green Mile,1999,"Слёзы здесь не ради слёз — они следствие глубокого сопереживания, ощущения личной причастности к судьбам героев.",невероятный,лицо,человеческий,невероятная судьба,,,,
